nombre,latin,FMA,FJ,fuente,categoria,region,lado,padre,tipo,archivo,decision,motivo
Cartílago cricoides,Cartilago cricoidea,FMA9615,FJ2769,BodyParts3D 4.0,cartilage,head-neck,midline,resp:larynx,cartílago,isa_BP3D_4.0_obj_99/FJ2769.obj,APROBADO,Identidad explícita de fuente; geometría original sin modificación anatómica.
Cartílago tiroides,Cartilago thyroidea,FMA55099,FJ2808,BodyParts3D 4.0,cartilage,head-neck,midline,resp:larynx,cartílago,isa_BP3D_4.0_obj_99/FJ2808.obj,APROBADO,Identidad explícita de fuente; geometría original sin modificación anatómica.
Epiglotis,Epiglottis,FMA55130,FJ2770,BodyParts3D 4.0,cartilage,head-neck,midline,resp:larynx,cartílago,isa_BP3D_4.0_obj_99/FJ2770.obj,APROBADO,Identidad explícita de fuente; geometría original sin modificación anatómica.
Cartílago aritenoides derecho,Cartilago arytenoidea dextra,FMA55113,FJ2792,BodyParts3D 4.0,cartilage,head-neck,right,resp:larynx,cartílago,isa_BP3D_4.0_obj_99/FJ2792.obj,APROBADO,Identidad explícita de fuente; geometría original sin modificación anatómica.
Cartílago aritenoides izquierdo,Cartilago arytenoidea sinistra,FMA55114,FJ2775,BodyParts3D 4.0,cartilage,head-neck,left,resp:larynx,cartílago,isa_BP3D_4.0_obj_99/FJ2775.obj,APROBADO,Identidad explícita de fuente; geometría original sin modificación anatómica.
Cartílago corniculado derecho,Cartilago corniculata dextra,FMA55115,FJ2793,BodyParts3D 4.0,cartilage,head-neck,right,resp:larynx,cartílago,isa_BP3D_4.0_obj_99/FJ2793.obj,APROBADO,Identidad explícita de fuente; geometría original sin modificación anatómica.
Cartílago corniculado izquierdo,Cartilago corniculata sinistra,FMA55116,FJ2776,BodyParts3D 4.0,cartilage,head-neck,left,resp:larynx,cartílago,isa_BP3D_4.0_obj_99/FJ2776.obj,APROBADO,Identidad explícita de fuente; geometría original sin modificación anatómica.
Cartílago cuneiforme derecho,Cartilago cuneiformis dextra,FMA55117,FJ2795,BodyParts3D 4.0,cartilage,head-neck,right,resp:larynx,cartílago,isa_BP3D_4.0_obj_99/FJ2795.obj,APROBADO,Identidad explícita de fuente; geometría original sin modificación anatómica.
Cartílago cuneiforme izquierdo,Cartilago cuneiformis sinistra,FMA55118,FJ2773,BodyParts3D 4.0,cartilage,head-neck,left,resp:larynx,cartílago,isa_BP3D_4.0_obj_99/FJ2773.obj,APROBADO,Identidad explícita de fuente; geometría original sin modificación anatómica.
Tráquea,Trachea,FMA7394,FJ2541,BodyParts3D 4.0,trachea,thorax,midline,resp:lower,vía aérea,isa_BP3D_4.0_obj_99/FJ2541.obj,APROBADO,Identidad explícita de fuente; geometría original sin modificación anatómica.
Bronquio principal derecho · porción disponible,Bronchus principalis dexter,FMA68418,FJ2539,BodyParts3D 4.0,main-bronchus,thorax,right,resp:bronchi,bronquio principal,isa_BP3D_4.0_obj_99/FJ2539.obj,APROBADO,La fuente nativa dice right main bronchus proper; FMA7395 se conserva sólo como alias del bronquio principal derecho.
Bronquio principal izquierdo,Bronchus principalis sinister,FMA7396,FJ2450,BodyParts3D 4.0,main-bronchus,thorax,left,resp:bronchi,bronquio principal,isa_BP3D_4.0_obj_99/FJ2450.obj,APROBADO,Identidad explícita de fuente; geometría original sin modificación anatómica.
Árbol bronquial apical derecho,Arbor bronchialis apicalis dexter,FMA68211,"FJ2454, FJ2520, FJ2521, FJ2522, FJ2523, FJ2524, FJ2525, FJ2526",BodyParts3D 4.0,bronchial-tree,thorax,right,resp:bronchi:right-upper,árbol bronquial segmentario,isa_BP3D_4.0_obj_99/FJ2454.obj; isa_BP3D_4.0_obj_99/FJ2520.obj; isa_BP3D_4.0_obj_99/FJ2521.obj; isa_BP3D_4.0_obj_99/FJ2522.obj; isa_BP3D_4.0_obj_99/FJ2523.obj; isa_BP3D_4.0_obj_99/FJ2524.obj; isa_BP3D_4.0_obj_99/FJ2525.obj; isa_BP3D_4.0_obj_99/FJ2526.obj,APROBADO,"Árbol segmentario compuesto por ramas fuente; cada FJ es componente geométrico, no un bronquio adicional. Agrupación lobar editorial explícita."
Árbol bronquial anterior derecho,Arbor bronchialis anterior dexter,FMA68212,"FJ2453, FJ2509, FJ2510, FJ2511, FJ2512, FJ2513, FJ2514",BodyParts3D 4.0,bronchial-tree,thorax,right,resp:bronchi:right-upper,árbol bronquial segmentario,isa_BP3D_4.0_obj_99/FJ2453.obj; isa_BP3D_4.0_obj_99/FJ2509.obj; isa_BP3D_4.0_obj_99/FJ2510.obj; isa_BP3D_4.0_obj_99/FJ2511.obj; isa_BP3D_4.0_obj_99/FJ2512.obj; isa_BP3D_4.0_obj_99/FJ2513.obj; isa_BP3D_4.0_obj_99/FJ2514.obj,APROBADO,"Árbol segmentario compuesto por ramas fuente; cada FJ es componente geométrico, no un bronquio adicional. Agrupación lobar editorial explícita."
Árbol bronquial posterior derecho,Arbor bronchialis posterior dexter,FMA68213,"FJ2458, FJ2515, FJ2516, FJ2517, FJ2518, FJ2519",BodyParts3D 4.0,bronchial-tree,thorax,right,resp:bronchi:right-upper,árbol bronquial segmentario,isa_BP3D_4.0_obj_99/FJ2458.obj; isa_BP3D_4.0_obj_99/FJ2515.obj; isa_BP3D_4.0_obj_99/FJ2516.obj; isa_BP3D_4.0_obj_99/FJ2517.obj; isa_BP3D_4.0_obj_99/FJ2518.obj; isa_BP3D_4.0_obj_99/FJ2519.obj,APROBADO,"Árbol segmentario compuesto por ramas fuente; cada FJ es componente geométrico, no un bronquio adicional. Agrupación lobar editorial explícita."
Árbol bronquial medial derecho,Arbor bronchialis medialis dexter,FMA68214,"FJ2451, FJ2506, FJ2507, FJ2508",BodyParts3D 4.0,bronchial-tree,thorax,right,resp:bronchi:right-middle,árbol bronquial segmentario,isa_BP3D_4.0_obj_99/FJ2451.obj; isa_BP3D_4.0_obj_99/FJ2506.obj; isa_BP3D_4.0_obj_99/FJ2507.obj; isa_BP3D_4.0_obj_99/FJ2508.obj,APROBADO,"Árbol segmentario compuesto por ramas fuente; cada FJ es componente geométrico, no un bronquio adicional. Agrupación lobar editorial explícita."
Árbol bronquial lateral derecho,Arbor bronchialis lateralis dexter,FMA68215,"FJ2449, FJ2503, FJ2504, FJ2505",BodyParts3D 4.0,bronchial-tree,thorax,right,resp:bronchi:right-middle,árbol bronquial segmentario,isa_BP3D_4.0_obj_99/FJ2449.obj; isa_BP3D_4.0_obj_99/FJ2503.obj; isa_BP3D_4.0_obj_99/FJ2504.obj; isa_BP3D_4.0_obj_99/FJ2505.obj,APROBADO,"Árbol segmentario compuesto por ramas fuente; cada FJ es componente geométrico, no un bronquio adicional. Agrupación lobar editorial explícita."
Árbol bronquial superior derecho,Arbor bronchialis superior dexter,FMA68216,"FJ2459, FJ2495, FJ2496, FJ2497, FJ2498, FJ2499, FJ2500, FJ2501, FJ2502",BodyParts3D 4.0,bronchial-tree,thorax,right,resp:bronchi:right-lower,árbol bronquial segmentario,isa_BP3D_4.0_obj_99/FJ2459.obj; isa_BP3D_4.0_obj_99/FJ2495.obj; isa_BP3D_4.0_obj_99/FJ2496.obj; isa_BP3D_4.0_obj_99/FJ2497.obj; isa_BP3D_4.0_obj_99/FJ2498.obj; isa_BP3D_4.0_obj_99/FJ2499.obj; isa_BP3D_4.0_obj_99/FJ2500.obj; isa_BP3D_4.0_obj_99/FJ2501.obj; isa_BP3D_4.0_obj_99/FJ2502.obj,APROBADO,"Árbol segmentario compuesto por ramas fuente; cada FJ es componente geométrico, no un bronquio adicional. Agrupación lobar editorial explícita."
Árbol bronquial basal medial derecho,Arbor bronchialis basalis medialis dexter,FMA68218,"FJ2456, FJ2488",BodyParts3D 4.0,bronchial-tree,thorax,right,resp:bronchi:right-lower,árbol bronquial segmentario,isa_BP3D_4.0_obj_99/FJ2456.obj; isa_BP3D_4.0_obj_99/FJ2488.obj,APROBADO,"Árbol segmentario compuesto por ramas fuente; cada FJ es componente geométrico, no un bronquio adicional. Agrupación lobar editorial explícita."
Árbol bronquial basal anterior derecho,Arbor bronchialis basalis anterior dexter,FMA68321,"FJ2452, FJ2493, FJ2494",BodyParts3D 4.0,bronchial-tree,thorax,right,resp:bronchi:right-lower,árbol bronquial segmentario,isa_BP3D_4.0_obj_99/FJ2452.obj; isa_BP3D_4.0_obj_99/FJ2493.obj; isa_BP3D_4.0_obj_99/FJ2494.obj,APROBADO,"Árbol segmentario compuesto por ramas fuente; cada FJ es componente geométrico, no un bronquio adicional. Agrupación lobar editorial explícita."
Árbol bronquial basal lateral derecho,Arbor bronchialis basalis lateralis dexter,FMA68220,"FJ2455, FJ2490, FJ2491, FJ2492",BodyParts3D 4.0,bronchial-tree,thorax,right,resp:bronchi:right-lower,árbol bronquial segmentario,isa_BP3D_4.0_obj_99/FJ2455.obj; isa_BP3D_4.0_obj_99/FJ2490.obj; isa_BP3D_4.0_obj_99/FJ2491.obj; isa_BP3D_4.0_obj_99/FJ2492.obj,APROBADO,"Árbol segmentario compuesto por ramas fuente; cada FJ es componente geométrico, no un bronquio adicional. Agrupación lobar editorial explícita."
Árbol bronquial basal posterior derecho,Arbor bronchialis basalis posterior dexter,FMA68221,"FJ2457, FJ2470, FJ2481, FJ2486, FJ2487, FJ2489",BodyParts3D 4.0,bronchial-tree,thorax,right,resp:bronchi:right-lower,árbol bronquial segmentario,isa_BP3D_4.0_obj_99/FJ2457.obj; isa_BP3D_4.0_obj_99/FJ2470.obj; isa_BP3D_4.0_obj_99/FJ2481.obj; isa_BP3D_4.0_obj_99/FJ2486.obj; isa_BP3D_4.0_obj_99/FJ2487.obj; isa_BP3D_4.0_obj_99/FJ2489.obj,APROBADO,"Árbol segmentario compuesto por ramas fuente; cada FJ es componente geométrico, no un bronquio adicional. Agrupación lobar editorial explícita."
Árbol bronquial anterior izquierdo,Arbor bronchialis anterior sinister,FMA68222,"FJ2443, FJ2467, FJ2468, FJ2469, FJ2471, FJ2472, FJ2473, FJ2474",BodyParts3D 4.0,bronchial-tree,thorax,left,resp:bronchi:left-upper,árbol bronquial segmentario,isa_BP3D_4.0_obj_99/FJ2443.obj; isa_BP3D_4.0_obj_99/FJ2467.obj; isa_BP3D_4.0_obj_99/FJ2468.obj; isa_BP3D_4.0_obj_99/FJ2469.obj; isa_BP3D_4.0_obj_99/FJ2471.obj; isa_BP3D_4.0_obj_99/FJ2472.obj; isa_BP3D_4.0_obj_99/FJ2473.obj; isa_BP3D_4.0_obj_99/FJ2474.obj,APROBADO,"Árbol segmentario compuesto por ramas fuente; cada FJ es componente geométrico, no un bronquio adicional. Agrupación lobar editorial explícita."
Árbol bronquial apical izquierdo,Arbor bronchialis apicalis sinister,FMA68223,"FJ2444, FJ2460, FJ2461, FJ2462, FJ2463, FJ2464",BodyParts3D 4.0,bronchial-tree,thorax,left,resp:bronchi:left-upper,árbol bronquial segmentario,isa_BP3D_4.0_obj_99/FJ2444.obj; isa_BP3D_4.0_obj_99/FJ2460.obj; isa_BP3D_4.0_obj_99/FJ2461.obj; isa_BP3D_4.0_obj_99/FJ2462.obj; isa_BP3D_4.0_obj_99/FJ2463.obj; isa_BP3D_4.0_obj_99/FJ2464.obj,APROBADO,"Árbol segmentario compuesto por ramas fuente; cada FJ es componente geométrico, no un bronquio adicional. Agrupación lobar editorial explícita."
Árbol bronquial posterior izquierdo,Arbor bronchialis posterior sinister,FMA68225,"FJ2447, FJ2465, FJ2466",BodyParts3D 4.0,bronchial-tree,thorax,left,resp:bronchi:left-upper,árbol bronquial segmentario,isa_BP3D_4.0_obj_99/FJ2447.obj; isa_BP3D_4.0_obj_99/FJ2465.obj; isa_BP3D_4.0_obj_99/FJ2466.obj,APROBADO,"Árbol segmentario compuesto por ramas fuente; cada FJ es componente geométrico, no un bronquio adicional. Agrupación lobar editorial explícita."
Árbol bronquial lingular superior,Arbor bronchialis lingularis superior,FMA68226,"FJ2476, FJ2477, FJ2478, FJ2540",BodyParts3D 4.0,bronchial-tree,thorax,left,resp:bronchi:left-upper,árbol bronquial segmentario,isa_BP3D_4.0_obj_99/FJ2476.obj; isa_BP3D_4.0_obj_99/FJ2477.obj; isa_BP3D_4.0_obj_99/FJ2478.obj; isa_BP3D_4.0_obj_99/FJ2540.obj,APROBADO,"Árbol segmentario compuesto por ramas fuente; cada FJ es componente geométrico, no un bronquio adicional. Agrupación lobar editorial explícita."
Árbol bronquial lingular inferior,Arbor bronchialis lingularis inferior,FMA68227,"FJ2441, FJ2475",BodyParts3D 4.0,bronchial-tree,thorax,left,resp:bronchi:left-upper,árbol bronquial segmentario,isa_BP3D_4.0_obj_99/FJ2441.obj; isa_BP3D_4.0_obj_99/FJ2475.obj,APROBADO,"Árbol segmentario compuesto por ramas fuente; cada FJ es componente geométrico, no un bronquio adicional. Agrupación lobar editorial explícita."
Árbol bronquial superior izquierdo,Arbor bronchialis superior sinister,FMA68228,"FJ2448, FJ2479, FJ2480, FJ2482, FJ2483, FJ2484, FJ2485",BodyParts3D 4.0,bronchial-tree,thorax,left,resp:bronchi:left-lower,árbol bronquial segmentario,isa_BP3D_4.0_obj_99/FJ2448.obj; isa_BP3D_4.0_obj_99/FJ2479.obj; isa_BP3D_4.0_obj_99/FJ2480.obj; isa_BP3D_4.0_obj_99/FJ2482.obj; isa_BP3D_4.0_obj_99/FJ2483.obj; isa_BP3D_4.0_obj_99/FJ2484.obj; isa_BP3D_4.0_obj_99/FJ2485.obj,APROBADO,"Árbol segmentario compuesto por ramas fuente; cada FJ es componente geométrico, no un bronquio adicional. Agrupación lobar editorial explícita."
Árbol bronquial basal medial izquierdo,Arbor bronchialis basalis medialis sinister,FMA68230,"FJ2442, FJ2537",BodyParts3D 4.0,bronchial-tree,thorax,left,resp:bronchi:left-lower,árbol bronquial segmentario,isa_BP3D_4.0_obj_99/FJ2442.obj; isa_BP3D_4.0_obj_99/FJ2537.obj,APROBADO,"Árbol segmentario compuesto por ramas fuente; cada FJ es componente geométrico, no un bronquio adicional. Agrupación lobar editorial explícita."
Árbol bronquial basal anterior izquierdo,Arbor bronchialis basalis anterior sinister,FMA68231,"FJ2535, FJ2536, FJ2538",BodyParts3D 4.0,bronchial-tree,thorax,left,resp:bronchi:left-lower,árbol bronquial segmentario,isa_BP3D_4.0_obj_99/FJ2535.obj; isa_BP3D_4.0_obj_99/FJ2536.obj; isa_BP3D_4.0_obj_99/FJ2538.obj,APROBADO,"Árbol segmentario compuesto por ramas fuente; cada FJ es componente geométrico, no un bronquio adicional. Agrupación lobar editorial explícita."
Árbol bronquial basal lateral izquierdo,Arbor bronchialis basalis lateralis sinister,FMA68232,"FJ2445, FJ2532, FJ2533, FJ2534",BodyParts3D 4.0,bronchial-tree,thorax,left,resp:bronchi:left-lower,árbol bronquial segmentario,isa_BP3D_4.0_obj_99/FJ2445.obj; isa_BP3D_4.0_obj_99/FJ2532.obj; isa_BP3D_4.0_obj_99/FJ2533.obj; isa_BP3D_4.0_obj_99/FJ2534.obj,APROBADO,"Árbol segmentario compuesto por ramas fuente; cada FJ es componente geométrico, no un bronquio adicional. Agrupación lobar editorial explícita."
Árbol bronquial basal posterior izquierdo,Arbor bronchialis basalis posterior sinister,FMA68233,"FJ2446, FJ2527, FJ2528, FJ2529, FJ2530, FJ2531",BodyParts3D 4.0,bronchial-tree,thorax,left,resp:bronchi:left-lower,árbol bronquial segmentario,isa_BP3D_4.0_obj_99/FJ2446.obj; isa_BP3D_4.0_obj_99/FJ2527.obj; isa_BP3D_4.0_obj_99/FJ2528.obj; isa_BP3D_4.0_obj_99/FJ2529.obj; isa_BP3D_4.0_obj_99/FJ2530.obj; isa_BP3D_4.0_obj_99/FJ2531.obj,APROBADO,"Árbol segmentario compuesto por ramas fuente; cada FJ es componente geométrico, no un bronquio adicional. Agrupación lobar editorial explícita."
Parénquima del segmento apicoposterior izquierdo,Parenchyma segmenti bronchopulmonalis apicoposterioris sinistri,FMA27368,"FJ6595, FJ6597",BodyParts3D 4.3,parenchyma,thorax,left,resp:lobe:left-upper,parénquima segmentario,bp3d4.3/FJ6595.obj; bp3d4.3/FJ6597.obj,APROBADO,"Parénquima identificado en manifiesto oficial 4.3; agrupación pulmonar/lobar curada sin cortar ni duplicar geometría. FJ6602 y FJ6611 rotulados 7.8 en el archivo fuente conservan su FMA anterior basal, sin inventar una subdivisión medial."
Parénquima del segmento anterior izquierdo,Parenchyma segmenti bronchopulmonalis anterioris sinistri,FMA27374,FJ6598,BodyParts3D 4.3,parenchyma,thorax,left,resp:lobe:left-upper,parénquima segmentario,bp3d4.3/FJ6598.obj,APROBADO,"Parénquima identificado en manifiesto oficial 4.3; agrupación pulmonar/lobar curada sin cortar ni duplicar geometría. FJ6602 y FJ6611 rotulados 7.8 en el archivo fuente conservan su FMA anterior basal, sin inventar una subdivisión medial."
Parénquima del segmento lingular superior,Parenchyma segmenti bronchopulmonalis lingularis superioris,FMA27375,FJ6599,BodyParts3D 4.3,parenchyma,thorax,left,resp:lobe:left-upper,parénquima segmentario,bp3d4.3/FJ6599.obj,APROBADO,"Parénquima identificado en manifiesto oficial 4.3; agrupación pulmonar/lobar curada sin cortar ni duplicar geometría. FJ6602 y FJ6611 rotulados 7.8 en el archivo fuente conservan su FMA anterior basal, sin inventar una subdivisión medial."
Parénquima del segmento lingular inferior,Parenchyma segmenti bronchopulmonalis lingularis inferioris,FMA27376,FJ6600,BodyParts3D 4.3,parenchyma,thorax,left,resp:lobe:left-upper,parénquima segmentario,bp3d4.3/FJ6600.obj,APROBADO,"Parénquima identificado en manifiesto oficial 4.3; agrupación pulmonar/lobar curada sin cortar ni duplicar geometría. FJ6602 y FJ6611 rotulados 7.8 en el archivo fuente conservan su FMA anterior basal, sin inventar una subdivisión medial."
Parénquima del segmento superior izquierdo,Parenchyma segmenti bronchopulmonalis superioris sinistri,FMA27386,FJ6601,BodyParts3D 4.3,parenchyma,thorax,left,resp:lobe:left-lower,parénquima segmentario,bp3d4.3/FJ6601.obj,APROBADO,"Parénquima identificado en manifiesto oficial 4.3; agrupación pulmonar/lobar curada sin cortar ni duplicar geometría. FJ6602 y FJ6611 rotulados 7.8 en el archivo fuente conservan su FMA anterior basal, sin inventar una subdivisión medial."
Parénquima del segmento basal anterior izquierdo,Parenchyma segmenti bronchopulmonalis basalis anterioris sinistri,FMA27392,FJ6602,BodyParts3D 4.3,parenchyma,thorax,left,resp:lobe:left-lower,parénquima segmentario,bp3d4.3/FJ6602.obj,APROBADO,"Parénquima identificado en manifiesto oficial 4.3; agrupación pulmonar/lobar curada sin cortar ni duplicar geometría. FJ6602 y FJ6611 rotulados 7.8 en el archivo fuente conservan su FMA anterior basal, sin inventar una subdivisión medial."
Parénquima del segmento basal lateral izquierdo,Parenchyma segmenti bronchopulmonalis basalis lateralis sinistri,FMA27390,FJ6603,BodyParts3D 4.3,parenchyma,thorax,left,resp:lobe:left-lower,parénquima segmentario,bp3d4.3/FJ6603.obj,APROBADO,"Parénquima identificado en manifiesto oficial 4.3; agrupación pulmonar/lobar curada sin cortar ni duplicar geometría. FJ6602 y FJ6611 rotulados 7.8 en el archivo fuente conservan su FMA anterior basal, sin inventar una subdivisión medial."
Parénquima del segmento basal posterior izquierdo,Parenchyma segmenti bronchopulmonalis basalis posterioris sinistri,FMA27394,FJ6596,BodyParts3D 4.3,parenchyma,thorax,left,resp:lobe:left-lower,parénquima segmentario,bp3d4.3/FJ6596.obj,APROBADO,"Parénquima identificado en manifiesto oficial 4.3; agrupación pulmonar/lobar curada sin cortar ni duplicar geometría. FJ6602 y FJ6611 rotulados 7.8 en el archivo fuente conservan su FMA anterior basal, sin inventar una subdivisión medial."
Parénquima del segmento apical derecho,Parenchyma segmenti bronchopulmonalis apicalis dextri,FMA27369,FJ6604,BodyParts3D 4.3,parenchyma,thorax,right,resp:lobe:right-upper,parénquima segmentario,bp3d4.3/FJ6604.obj,APROBADO,"Parénquima identificado en manifiesto oficial 4.3; agrupación pulmonar/lobar curada sin cortar ni duplicar geometría. FJ6602 y FJ6611 rotulados 7.8 en el archivo fuente conservan su FMA anterior basal, sin inventar una subdivisión medial."
Parénquima del segmento posterior derecho,Parenchyma segmenti bronchopulmonalis posterioris dextri,FMA27371,FJ6606,BodyParts3D 4.3,parenchyma,thorax,right,resp:lobe:right-upper,parénquima segmentario,bp3d4.3/FJ6606.obj,APROBADO,"Parénquima identificado en manifiesto oficial 4.3; agrupación pulmonar/lobar curada sin cortar ni duplicar geometría. FJ6602 y FJ6611 rotulados 7.8 en el archivo fuente conservan su FMA anterior basal, sin inventar una subdivisión medial."
Parénquima del segmento anterior derecho,Parenchyma segmenti bronchopulmonalis anterioris dextri,FMA27373,FJ6607,BodyParts3D 4.3,parenchyma,thorax,right,resp:lobe:right-upper,parénquima segmentario,bp3d4.3/FJ6607.obj,APROBADO,"Parénquima identificado en manifiesto oficial 4.3; agrupación pulmonar/lobar curada sin cortar ni duplicar geometría. FJ6602 y FJ6611 rotulados 7.8 en el archivo fuente conservan su FMA anterior basal, sin inventar una subdivisión medial."
Parénquima del segmento lateral derecho,Parenchyma segmenti bronchopulmonalis lateralis dextri,FMA27452,FJ6608,BodyParts3D 4.3,parenchyma,thorax,right,resp:lobe:right-middle,parénquima segmentario,bp3d4.3/FJ6608.obj,APROBADO,"Parénquima identificado en manifiesto oficial 4.3; agrupación pulmonar/lobar curada sin cortar ni duplicar geometría. FJ6602 y FJ6611 rotulados 7.8 en el archivo fuente conservan su FMA anterior basal, sin inventar una subdivisión medial."
Parénquima del segmento medial derecho,Parenchyma segmenti bronchopulmonalis medialis dextri,FMA27448,FJ6609,BodyParts3D 4.3,parenchyma,thorax,right,resp:lobe:right-middle,parénquima segmentario,bp3d4.3/FJ6609.obj,APROBADO,"Parénquima identificado en manifiesto oficial 4.3; agrupación pulmonar/lobar curada sin cortar ni duplicar geometría. FJ6602 y FJ6611 rotulados 7.8 en el archivo fuente conservan su FMA anterior basal, sin inventar una subdivisión medial."
Parénquima del segmento superior derecho,Parenchyma segmenti bronchopulmonalis superioris dextri,FMA27385,FJ6610,BodyParts3D 4.3,parenchyma,thorax,right,resp:lobe:right-lower,parénquima segmentario,bp3d4.3/FJ6610.obj,APROBADO,"Parénquima identificado en manifiesto oficial 4.3; agrupación pulmonar/lobar curada sin cortar ni duplicar geometría. FJ6602 y FJ6611 rotulados 7.8 en el archivo fuente conservan su FMA anterior basal, sin inventar una subdivisión medial."
Parénquima del segmento basal anterior derecho,Parenchyma segmenti bronchopulmonalis basalis anterioris dextri,FMA27391,FJ6611,BodyParts3D 4.3,parenchyma,thorax,right,resp:lobe:right-lower,parénquima segmentario,bp3d4.3/FJ6611.obj,APROBADO,"Parénquima identificado en manifiesto oficial 4.3; agrupación pulmonar/lobar curada sin cortar ni duplicar geometría. FJ6602 y FJ6611 rotulados 7.8 en el archivo fuente conservan su FMA anterior basal, sin inventar una subdivisión medial."
Parénquima del segmento basal lateral derecho,Parenchyma segmenti bronchopulmonalis basalis lateralis dextri,FMA27389,FJ6612,BodyParts3D 4.3,parenchyma,thorax,right,resp:lobe:right-lower,parénquima segmentario,bp3d4.3/FJ6612.obj,APROBADO,"Parénquima identificado en manifiesto oficial 4.3; agrupación pulmonar/lobar curada sin cortar ni duplicar geometría. FJ6602 y FJ6611 rotulados 7.8 en el archivo fuente conservan su FMA anterior basal, sin inventar una subdivisión medial."
Parénquima del segmento basal posterior derecho,Parenchyma segmenti bronchopulmonalis basalis posterioris dextri,FMA27393,FJ6605,BodyParts3D 4.3,parenchyma,thorax,right,resp:lobe:right-lower,parénquima segmentario,bp3d4.3/FJ6605.obj,APROBADO,"Parénquima identificado en manifiesto oficial 4.3; agrupación pulmonar/lobar curada sin cortar ni duplicar geometría. FJ6602 y FJ6611 rotulados 7.8 en el archivo fuente conservan su FMA anterior basal, sin inventar una subdivisión medial."
Cavidad nasal,Cavitas nasi,,,BodyParts3D 4.0/4.3/HRA según candidato,auditoría de cobertura,cabeza/cuello/tórax,no aplicable,,candidato no integrado,,APLAZADO,Sin espacio/mucosa nasal inequívocos en los paquetes auditados; huesos y cartílagos nasales no equivalen a cavidad.
Nasofaringe,Pars nasalis pharyngis,,,BodyParts3D 4.0/4.3/HRA según candidato,auditoría de cobertura,cabeza/cuello/tórax,no aplicable,,candidato no integrado,,APLAZADO,Sin geometría independiente identificada.
Orofaringe,Pars oralis pharyngis,,,BodyParts3D 4.0/4.3/HRA según candidato,auditoría de cobertura,cabeza/cuello/tórax,no aplicable,,candidato no integrado,,APLAZADO,Sin geometría independiente identificada.
Laringofaringe,Pars laryngea pharyngis,,,BodyParts3D 4.0/4.3/HRA según candidato,auditoría de cobertura,cabeza/cuello/tórax,no aplicable,,candidato no integrado,,APLAZADO,El grupo FMA55053 de 4.0 sólo remite a epiglotis; no representa la región completa.
Faringe completa,Pharynx,,,BodyParts3D 4.0/4.3/HRA según candidato,auditoría de cobertura,cabeza/cuello/tórax,no aplicable,,candidato no integrado,,APLAZADO,No se equiparan músculos faríngeos aislados ni epiglotis con un órgano faríngeo completo.
Laringe completa,Larynx,,,BodyParts3D 4.0/4.3/HRA según candidato,auditoría de cobertura,cabeza/cuello/tórax,no aplicable,,candidato no integrado,,APLAZADO,"Se integran sus nueve cartílagos disponibles; mucosa, músculos y pliegues vocales no se afirman completos."
Carina independiente,Carina tracheae,,,BodyParts3D 4.0/4.3/HRA según candidato,auditoría de cobertura,cabeza/cuello/tórax,no aplicable,,candidato no integrado,,APLAZADO,La bifurcación se observa en continuidad de tráquea y principales; no existe una malla carinal aislada aprobada.
Bronquios lobares aislados,Bronchi lobares,,,BodyParts3D 4.0/4.3/HRA según candidato,auditoría de cobertura,cabeza/cuello/tórax,no aplicable,,candidato no integrado,,APLAZADO,Se agrupan árboles segmentarios según lóbulo; no se fabrica un tronco lobar independiente.
Pleura visceral,Pleura visceralis,,,BodyParts3D 4.0/4.3/HRA según candidato,auditoría de cobertura,cabeza/cuello/tórax,no aplicable,,candidato no integrado,,APLAZADO,Sin lámina pleural independiente inequívoca.
Pleura parietal,Pleura parietalis,,,BodyParts3D 4.0/4.3/HRA según candidato,auditoría de cobertura,cabeza/cuello/tórax,no aplicable,,candidato no integrado,,APLAZADO,Sin lámina pleural independiente inequívoca.
Hilio y raíz como tejido independiente,Hilum et radix pulmonis,,,BodyParts3D 4.0/4.3/HRA según candidato,auditoría de cobertura,cabeza/cuello/tórax,no aplicable,,candidato no integrado,,APLAZADO,Región de continuidad explicada en fichas/contexto; no se fabrica una malla adicional.
Bronquiolos y alvéolos,Bronchioli et alveoli pulmonis,,,BodyParts3D 4.0/4.3/HRA según candidato,auditoría de cobertura,cabeza/cuello/tórax,no aplicable,,candidato no integrado,,APLAZADO,Fuera de cobertura macroscópica; sin geometría alveolar aprobada.
Diafragma,Diaphragma,FMA13295,FJ3131,BodyParts3D 4.0/4.3/HRA según candidato,auditoría de cobertura,cabeza/cuello/tórax,no aplicable,,candidato no integrado,no extraído,APLAZADO,"FMA13295/FJ3131 fiable y aún no integrado; se mantiene como relación educativa muscular. Se prioriza el cierre respiratorio y la conservación del catálogo muscular, sin duplicarlo en Respiratorio."
Vasos pulmonares,Vasa pulmonalia,,,BodyParts3D 4.0/4.3/HRA según candidato,auditoría de cobertura,cabeza/cuello/tórax,no aplicable,,candidato no integrado,,DESCARTADO,Ya pertenecen a Cardiovascular; reutilizar sus IDs mediante contexto.
Corazón,Cor,,,BodyParts3D 4.0/4.3/HRA según candidato,auditoría de cobertura,cabeza/cuello/tórax,no aplicable,,candidato no integrado,,DESCARTADO,Ya integrado; sólo contexto mediastínico.
Pulmones HRA en atlas corporal,Pulmones,,,BodyParts3D 4.0/4.3/HRA según candidato,auditoría de cobertura,cabeza/cuello/tórax,no aplicable,,candidato no integrado,,DESCARTADO,Explorador detallado conservado independiente; su marco no se fuerza sobre BP3D.
Cricoides alternativo FJ2440,Cartilago cricoidea,,,BodyParts3D 4.0/4.3/HRA según candidato,auditoría de cobertura,cabeza/cuello/tórax,no aplicable,,candidato no integrado,,DESCARTADO,Misma identidad FMA9615 que FJ2769; elegir la revisión laríngea 120625 y evitar dos representaciones de un cartílago.
Tráquea 4.3 FJ6588,Trachea,,,BodyParts3D 4.0/4.3/HRA según candidato,auditoría de cobertura,cabeza/cuello/tórax,no aplicable,,candidato no integrado,,DESCARTADO,Control espacial de la revisión pulmonar 20140325; no se integra otra tráquea encima de FJ2541.
Músculos laríngeos/faríngeos,Musculi laryngis et pharyngis,,,BodyParts3D 4.0/4.3/HRA según candidato,auditoría de cobertura,cabeza/cuello/tórax,no aplicable,,candidato no integrado,,DESCARTADO,Sin ampliación muscular general en esta fase.
